{"cameraMode":{"drawMode":0,"name":"Shaded","section":"Shading Mode"},"sceneLighting":false,"audioPlay":false,"sceneViewState":{"showFog":true,"showMaterialUpdate":false,"showSkybox":false,"showFlares":true,"showImageEffects":true,"showParticleSystems":true},"in2DMode":false,"pivot":{"x":5.289999961853027,"y":1.834841251373291,"z":21.431678771972658},"rotation":{"x":0.7478497624397278,"y":-0.0009944109478965402,"z":0.0011280259350314737,"w":0.6638776659965515},"size":2.765000104904175,"orthographic":false}